scenario_id,category,attack_technique,cwe,difficulty
T1068_cap_setuid_gdb,A3_capabilities,T1068,CWE-266,medium
T1068_cap_setuid_node,A3_capabilities,T1068,CWE-266,medium
T1068_cap_setuid_perl,A3_capabilities,T1068,CWE-266,medium
T1068_cap_setuid_php,A3_capabilities,T1068,CWE-266,medium
T1068_cap_setuid_python,A3_capabilities,T1068,CWE-266,medium
T1068_cap_setuid_ruby,A3_capabilities,T1068,CWE-266,medium
T1068_cap_tclsh,A3_capabilities,T1068,CWE-266,medium
T1222_002_weak_passwd,A6_weak_permissions,T1222.002,CWE-732,easy
T1222_002_weak_shadow,A6_weak_permissions,T1222.002,CWE-732,easy
T1548_001_suid_aa_exec,A1_suid_sgid,T1548.001,CWE-250,easy
T1548_001_suid_ab,A1_suid_sgid,T1548.001,CWE-250,easy
T1548_001_suid_apache2,A1_suid_sgid,T1548.001,CWE-250,medium
T1548_001_suid_ar,A1_suid_sgid,T1548.001,CWE-250,medium
T1548_001_suid_aria2c,A1_suid_sgid,T1548.001,CWE-250,medium
T1548_001_suid_arj,A1_suid_sgid,T1548.001,CWE-250,medium
T1548_001_suid_arp,A1_suid_sgid,T1548.001,CWE-250,medium
T1548_001_suid_as,A1_suid_sgid,T1548.001,CWE-250,medium
T1548_001_suid_ascii_xfr,A1_suid_sgid,T1548.001,CWE-250,medium
T1548_001_suid_ash,A1_suid_sgid,T1548.001,CWE-250,easy
T1548_001_suid_aspell,A1_suid_sgid,T1548.001,CWE-250,medium
T1548_001_suid_atobm,A1_suid_sgid,T1548.001,CWE-250,medium
T1548_001_suid_aws,A1_suid_sgid,T1548.001,CWE-250,medium
T1548_001_suid_base32,A1_suid_sgid,T1548.001,CWE-250,medium
T1548_001_suid_base64,A1_suid_sgid,T1548.001,CWE-250,medium
T1548_001_suid_basenc,A1_suid_sgid,T1548.001,CWE-250,medium
T1548_001_suid_basez,A1_suid_sgid,T1548.001,CWE-250,medium
T1548_001_suid_bash,A1_suid_sgid,T1548.001,CWE-250,easy
T1548_001_suid_batcat,A1_suid_sgid,T1548.001,CWE-250,easy
T1548_001_suid_bee,A1_suid_sgid,T1548.001,CWE-250,easy
T1548_001_suid_busctl,A1_suid_sgid,T1548.001,CWE-250,easy
T1548_001_suid_bzip2,A1_suid_sgid,T1548.001,CWE-250,medium
T1548_001_suid_cabal,A1_suid_sgid,T1548.001,CWE-250,easy
T1548_001_suid_cancel,A1_suid_sgid,T1548.001,CWE-250,easy
T1548_001_suid_cat,A1_suid_sgid,T1548.001,CWE-250,medium
T1548_001_suid_chattr,A1_suid_sgid,T1548.001,CWE-250,easy
T1548_001_suid_chmod,A1_suid_sgid,T1548.001,CWE-250,easy
T1548_001_suid_choom,A1_suid_sgid,T1548.001,CWE-250,easy
T1548_001_suid_chown,A1_suid_sgid,T1548.001,CWE-250,easy
T1548_001_suid_clamscan,A1_suid_sgid,T1548.001,CWE-250,medium
T1548_001_suid_cmp,A1_suid_sgid,T1548.001,CWE-250,medium
T1548_001_suid_column,A1_suid_sgid,T1548.001,CWE-250,medium
T1548_001_suid_comm,A1_suid_sgid,T1548.001,CWE-250,medium
T1548_001_suid_cp,A1_suid_sgid,T1548.001,CWE-250,medium
T1548_001_suid_cpio,A1_suid_sgid,T1548.001,CWE-250,medium
T1548_001_suid_cpulimit,A1_suid_sgid,T1548.001,CWE-250,easy
T1548_001_suid_csh,A1_suid_sgid,T1548.001,CWE-250,easy
T1548_001_suid_csplit,A1_suid_sgid,T1548.001,CWE-250,medium
T1548_001_suid_cupsfilter,A1_suid_sgid,T1548.001,CWE-250,medium
T1548_001_suid_curl,A1_suid_sgid,T1548.001,CWE-250,medium
T1548_001_suid_cut,A1_suid_sgid,T1548.001,CWE-250,medium
T1548_001_suid_dash,A1_suid_sgid,T1548.001,CWE-250,easy
T1548_001_suid_date,A1_suid_sgid,T1548.001,CWE-250,medium
T1548_001_suid_dd,A1_suid_sgid,T1548.001,CWE-250,medium
T1548_001_suid_diff,A1_suid_sgid,T1548.001,CWE-250,medium
T1548_001_suid_dig,A1_suid_sgid,T1548.001,CWE-250,medium
T1548_001_suid_distcc,A1_suid_sgid,T1548.001,CWE-250,easy
T1548_001_suid_dmesg,A1_suid_sgid,T1548.001,CWE-250,medium
T1548_001_suid_docker,A1_suid_sgid,T1548.001,CWE-250,easy
T1548_001_suid_dos2unix,A1_suid_sgid,T1548.001,CWE-250,medium
T1548_001_suid_dosbox,A1_suid_sgid,T1548.001,CWE-250,medium
T1548_001_suid_ed,A1_suid_sgid,T1548.001,CWE-250,easy
T1548_001_suid_efax,A1_suid_sgid,T1548.001,CWE-250,medium
T1548_001_suid_egrep,A1_suid_sgid,T1548.001,CWE-250,medium
T1548_001_suid_elvish,A1_suid_sgid,T1548.001,CWE-250,easy
T1548_001_suid_env,A1_suid_sgid,T1548.001,CWE-250,easy
T1548_001_suid_eqn,A1_suid_sgid,T1548.001,CWE-250,medium
T1548_001_suid_ex,A1_suid_sgid,T1548.001,CWE-250,easy
T1548_001_suid_expand,A1_suid_sgid,T1548.001,CWE-250,medium
T1548_001_suid_expect,A1_suid_sgid,T1548.001,CWE-250,easy
T1548_001_suid_ffmpeg,A1_suid_sgid,T1548.001,CWE-250,easy
T1548_001_suid_fgrep,A1_suid_sgid,T1548.001,CWE-250,medium
T1548_001_suid_file,A1_suid_sgid,T1548.001,CWE-250,medium
T1548_001_suid_find,A1_suid_sgid,T1548.001,CWE-250,easy
T1548_001_suid_fish,A1_suid_sgid,T1548.001,CWE-250,easy
T1548_001_suid_flock,A1_suid_sgid,T1548.001,CWE-250,easy
T1548_001_suid_fmt,A1_suid_sgid,T1548.001,CWE-250,medium
T1548_001_suid_fold,A1_suid_sgid,T1548.001,CWE-250,medium
T1548_001_suid_forge,A1_suid_sgid,T1548.001,CWE-250,easy
T1548_001_suid_fping,A1_suid_sgid,T1548.001,CWE-250,medium
T1548_001_suid_gawk,A1_suid_sgid,T1548.001,CWE-250,easy
T1548_001_suid_gcore,A1_suid_sgid,T1548.001,CWE-250,medium
T1548_001_suid_gdb,A1_suid_sgid,T1548.001,CWE-250,easy
T1548_001_suid_genisoimage,A1_suid_sgid,T1548.001,CWE-250,medium
T1548_001_suid_getent,A1_suid_sgid,T1548.001,CWE-250,easy
T1548_001_suid_git,A1_suid_sgid,T1548.001,CWE-250,easy
T1548_001_suid_gnuplot,A1_suid_sgid,T1548.001,CWE-250,easy
T1548_001_suid_grep,A1_suid_sgid,T1548.001,CWE-250,medium
T1548_001_suid_gtester,A1_suid_sgid,T1548.001,CWE-250,easy
T1548_001_suid_guile,A1_suid_sgid,T1548.001,CWE-250,easy
T1548_001_suid_gzip,A1_suid_sgid,T1548.001,CWE-250,medium
T1548_001_suid_head,A1_suid_sgid,T1548.001,CWE-250,medium
T1548_001_suid_hexdump,A1_suid_sgid,T1548.001,CWE-250,medium
T1548_001_suid_hg,A1_suid_sgid,T1548.001,CWE-250,easy
T1548_001_suid_highlight,A1_suid_sgid,T1548.001,CWE-250,medium
T1548_001_suid_hping3,A1_suid_sgid,T1548.001,CWE-250,easy
T1548_001_suid_iconv,A1_suid_sgid,T1548.001,CWE-250,medium
T1548_001_suid_iftop,A1_suid_sgid,T1548.001,CWE-250,easy
T1548_001_suid_install,A1_suid_sgid,T1548.001,CWE-250,easy
T1548_001_suid_ionice,A1_suid_sgid,T1548.001,CWE-250,easy
T1548_001_suid_ip,A1_suid_sgid,T1548.001,CWE-250,easy
T1548_001_suid_join,A1_suid_sgid,T1548.001,CWE-250,medium
T1548_001_suid_kubectl,A1_suid_sgid,T1548.001,CWE-250,easy
T1548_001_suid_latex,A1_suid_sgid,T1548.001,CWE-250,easy
T1548_001_suid_lftp,A1_suid_sgid,T1548.001,CWE-250,easy
T1548_001_suid_look,A1_suid_sgid,T1548.001,CWE-250,medium
T1548_001_suid_luatex,A1_suid_sgid,T1548.001,CWE-250,easy
T1548_001_suid_make,A1_suid_sgid,T1548.001,CWE-250,easy
T1548_001_suid_mawk,A1_suid_sgid,T1548.001,CWE-250,easy
T1548_001_suid_mosquitto,A1_suid_sgid,T1548.001,CWE-250,medium
T1548_001_suid_msgcat,A1_suid_sgid,T1548.001,CWE-250,medium
T1548_001_suid_msgfilter,A1_suid_sgid,T1548.001,CWE-250,easy
T1548_001_suid_multitime,A1_suid_sgid,T1548.001,CWE-250,easy
T1548_001_suid_mv,A1_suid_sgid,T1548.001,CWE-250,medium
T1548_001_suid_nano,A1_suid_sgid,T1548.001,CWE-250,easy
T1548_001_suid_nasm,A1_suid_sgid,T1548.001,CWE-250,medium
T1548_001_suid_ncftp,A1_suid_sgid,T1548.001,CWE-250,easy
T1548_001_suid_nice,A1_suid_sgid,T1548.001,CWE-250,easy
T1548_001_suid_nm,A1_suid_sgid,T1548.001,CWE-250,medium
T1548_001_suid_node,A1_suid_sgid,T1548.001,CWE-250,easy
T1548_001_suid_nohup,A1_suid_sgid,T1548.001,CWE-250,easy
T1548_001_suid_nsenter,A1_suid_sgid,T1548.001,CWE-250,easy
T1548_001_suid_od,A1_suid_sgid,T1548.001,CWE-250,medium
T1548_001_suid_openssl,A1_suid_sgid,T1548.001,CWE-250,medium
T1548_001_suid_pandoc,A1_suid_sgid,T1548.001,CWE-250,medium
T1548_001_suid_paste,A1_suid_sgid,T1548.001,CWE-250,medium
T1548_001_suid_pax,A1_suid_sgid,T1548.001,CWE-250,medium
T1548_001_suid_perl,A1_suid_sgid,T1548.001,CWE-250,medium
T1548_001_suid_pexec,A1_suid_sgid,T1548.001,CWE-250,easy
T1548_001_suid_php,A1_suid_sgid,T1548.001,CWE-250,easy
T1548_001_suid_pidstat,A1_suid_sgid,T1548.001,CWE-250,easy
T1548_001_suid_ptx,A1_suid_sgid,T1548.001,CWE-250,medium
T1548_001_suid_python,A1_suid_sgid,T1548.001,CWE-250,easy
T1548_001_suid_r,A1_suid_sgid,T1548.001,CWE-250,easy
T1548_001_suid_rc,A1_suid_sgid,T1548.001,CWE-250,easy
T1548_001_suid_readelf,A1_suid_sgid,T1548.001,CWE-250,medium
T1548_001_suid_restic,A1_suid_sgid,T1548.001,CWE-250,easy
T1548_001_suid_rev,A1_suid_sgid,T1548.001,CWE-250,medium
T1548_001_suid_rlwrap,A1_suid_sgid,T1548.001,CWE-250,easy
T1548_001_suid_rpm,A1_suid_sgid,T1548.001,CWE-250,easy
T1548_001_suid_rpmquery,A1_suid_sgid,T1548.001,CWE-250,easy
T1548_001_suid_rpmverify,A1_suid_sgid,T1548.001,CWE-250,easy
T1548_001_suid_rsync,A1_suid_sgid,T1548.001,CWE-250,easy
T1548_001_suid_rtorrent,A1_suid_sgid,T1548.001,CWE-250,easy
T1548_001_suid_run_parts,A1_suid_sgid,T1548.001,CWE-250,easy
T1548_001_suid_runscript,A1_suid_sgid,T1548.001,CWE-250,easy
T1548_001_suid_sash,A1_suid_sgid,T1548.001,CWE-250,easy
T1548_001_suid_scp,A1_suid_sgid,T1548.001,CWE-250,easy
T1548_001_suid_sed,A1_suid_sgid,T1548.001,CWE-250,easy
T1548_001_suid_setarch,A1_suid_sgid,T1548.001,CWE-250,easy
T1548_001_suid_setcap,A1_suid_sgid,T1548.001,CWE-250,easy
T1548_001_suid_setfacl,A1_suid_sgid,T1548.001,CWE-250,easy
T1548_001_suid_setlock,A1_suid_sgid,T1548.001,CWE-250,easy
T1548_001_suid_sftp,A1_suid_sgid,T1548.001,CWE-250,easy
T1548_001_suid_shuf,A1_suid_sgid,T1548.001,CWE-250,medium
T1548_001_suid_slsh,A1_suid_sgid,T1548.001,CWE-250,easy
T1548_001_suid_socat,A1_suid_sgid,T1548.001,CWE-250,easy
T1548_001_suid_soelim,A1_suid_sgid,T1548.001,CWE-250,medium
T1548_001_suid_softlimit,A1_suid_sgid,T1548.001,CWE-250,easy
T1548_001_suid_sort,A1_suid_sgid,T1548.001,CWE-250,medium
T1548_001_suid_sqlite3,A1_suid_sgid,T1548.001,CWE-250,easy
T1548_001_suid_ss,A1_suid_sgid,T1548.001,CWE-250,medium
T1548_001_suid_ssh_agent,A1_suid_sgid,T1548.001,CWE-250,easy
T1548_001_suid_ssh_keygen,A1_suid_sgid,T1548.001,CWE-250,easy
T1548_001_suid_sshpass,A1_suid_sgid,T1548.001,CWE-250,easy
T1548_001_suid_stdbuf,A1_suid_sgid,T1548.001,CWE-250,easy
T1548_001_suid_strace,A1_suid_sgid,T1548.001,CWE-250,easy
T1548_001_suid_strings,A1_suid_sgid,T1548.001,CWE-250,medium
T1548_001_suid_tac,A1_suid_sgid,T1548.001,CWE-250,medium
T1548_001_suid_tclsh,A1_suid_sgid,T1548.001,CWE-250,easy
T1548_001_suid_tcsh,A1_suid_sgid,T1548.001,CWE-250,easy
T1548_001_suid_tee,A1_suid_sgid,T1548.001,CWE-250,medium
T1548_001_suid_terraform,A1_suid_sgid,T1548.001,CWE-250,medium
T1548_001_suid_tic,A1_suid_sgid,T1548.001,CWE-250,medium
T1548_001_suid_time,A1_suid_sgid,T1548.001,CWE-250,easy
T1548_001_suid_timeout,A1_suid_sgid,T1548.001,CWE-250,easy
T1548_001_suid_ul,A1_suid_sgid,T1548.001,CWE-250,medium
T1548_001_suid_unexpand,A1_suid_sgid,T1548.001,CWE-250,medium
T1548_001_suid_uniq,A1_suid_sgid,T1548.001,CWE-250,medium
T1548_001_suid_unshare,A1_suid_sgid,T1548.001,CWE-250,easy
T1548_001_suid_unsquashfs,A1_suid_sgid,T1548.001,CWE-250,easy
T1548_001_suid_unzip,A1_suid_sgid,T1548.001,CWE-250,easy
T1548_001_suid_update_alternatives,A1_suid_sgid,T1548.001,CWE-250,medium
T1548_001_suid_uuencode,A1_suid_sgid,T1548.001,CWE-250,medium
T1548_001_suid_vim,A1_suid_sgid,T1548.001,CWE-250,medium
T1548_001_suid_watch,A1_suid_sgid,T1548.001,CWE-250,easy
T1548_001_suid_wc,A1_suid_sgid,T1548.001,CWE-250,medium
T1548_001_suid_wget,A1_suid_sgid,T1548.001,CWE-250,easy
T1548_001_suid_wish,A1_suid_sgid,T1548.001,CWE-250,easy
T1548_001_suid_xargs,A1_suid_sgid,T1548.001,CWE-250,easy
T1548_001_suid_xdotool,A1_suid_sgid,T1548.001,CWE-250,easy
T1548_001_suid_xmodmap,A1_suid_sgid,T1548.001,CWE-250,medium
T1548_001_suid_xmore,A1_suid_sgid,T1548.001,CWE-250,medium
T1548_001_suid_xpad,A1_suid_sgid,T1548.001,CWE-250,medium
T1548_001_suid_xxd,A1_suid_sgid,T1548.001,CWE-250,medium
T1548_001_suid_xz,A1_suid_sgid,T1548.001,CWE-250,medium
T1548_001_suid_yash,A1_suid_sgid,T1548.001,CWE-250,easy
T1548_001_suid_zsh,A1_suid_sgid,T1548.001,CWE-250,easy
T1548_003_sudo_7z,A2_sudo,T1548.003,CWE-269,medium
T1548_003_sudo_aa_exec,A2_sudo,T1548.003,CWE-269,easy
T1548_003_sudo_ab,A2_sudo,T1548.003,CWE-269,easy
T1548_003_sudo_aoss,A2_sudo,T1548.003,CWE-269,easy
T1548_003_sudo_apache2ctl,A2_sudo,T1548.003,CWE-269,medium
T1548_003_sudo_apt_get,A2_sudo,T1548.003,CWE-269,easy
T1548_003_sudo_aptitude,A2_sudo,T1548.003,CWE-269,easy
T1548_003_sudo_ar,A2_sudo,T1548.003,CWE-269,medium
T1548_003_sudo_arch_nspawn,A2_sudo,T1548.003,CWE-269,easy
T1548_003_sudo_aria2c,A2_sudo,T1548.003,CWE-269,medium
T1548_003_sudo_arj,A2_sudo,T1548.003,CWE-269,medium
T1548_003_sudo_ascii_xfr,A2_sudo,T1548.003,CWE-269,medium
T1548_003_sudo_ash,A2_sudo,T1548.003,CWE-269,easy
T1548_003_sudo_at,A2_sudo,T1548.003,CWE-269,easy
T1548_003_sudo_autoconf,A2_sudo,T1548.003,CWE-269,easy
T1548_003_sudo_autoheader,A2_sudo,T1548.003,CWE-269,easy
T1548_003_sudo_autoreconf,A2_sudo,T1548.003,CWE-269,easy
T1548_003_sudo_base58,A2_sudo,T1548.003,CWE-269,medium
T1548_003_sudo_base64,A2_sudo,T1548.003,CWE-269,medium
T1548_003_sudo_basenc,A2_sudo,T1548.003,CWE-269,medium
T1548_003_sudo_basez,A2_sudo,T1548.003,CWE-269,medium
T1548_003_sudo_bash,A2_sudo,T1548.003,CWE-269,easy
T1548_003_sudo_bashbug,A2_sudo,T1548.003,CWE-269,easy
T1548_003_sudo_batcat,A2_sudo,T1548.003,CWE-269,easy
T1548_003_sudo_borg,A2_sudo,T1548.003,CWE-269,easy
T1548_003_sudo_bundle,A2_sudo,T1548.003,CWE-269,easy
T1548_003_sudo_busctl,A2_sudo,T1548.003,CWE-269,easy
T1548_003_sudo_busybox,A2_sudo,T1548.003,CWE-269,easy
T1548_003_sudo_byebug,A2_sudo,T1548.003,CWE-269,easy
T1548_003_sudo_cabal,A2_sudo,T1548.003,CWE-269,easy
T1548_003_sudo_cargo,A2_sudo,T1548.003,CWE-269,easy
T1548_003_sudo_certbot,A2_sudo,T1548.003,CWE-269,easy
T1548_003_sudo_chattr,A2_sudo,T1548.003,CWE-269,easy
T1548_003_sudo_check_by_ssh,A2_sudo,T1548.003,CWE-269,easy
T1548_003_sudo_check_log,A2_sudo,T1548.003,CWE-269,medium
T1548_003_sudo_check_ssl_cert,A2_sudo,T1548.003,CWE-269,easy
T1548_003_sudo_chmod,A2_sudo,T1548.003,CWE-269,easy
T1548_003_sudo_choom,A2_sudo,T1548.003,CWE-269,easy
T1548_003_sudo_chown,A2_sudo,T1548.003,CWE-269,easy
T1548_003_sudo_chrt,A2_sudo,T1548.003,CWE-269,easy
T1548_003_sudo_clisp,A2_sudo,T1548.003,CWE-269,easy
T1548_003_sudo_cmp,A2_sudo,T1548.003,CWE-269,medium
T1548_003_sudo_cobc,A2_sudo,T1548.003,CWE-269,easy
T1548_003_sudo_code,A2_sudo,T1548.003,CWE-269,easy
T1548_003_sudo_column,A2_sudo,T1548.003,CWE-269,medium
T1548_003_sudo_comm,A2_sudo,T1548.003,CWE-269,medium
T1548_003_sudo_composer,A2_sudo,T1548.003,CWE-269,easy
T1548_003_sudo_cowthink,A2_sudo,T1548.003,CWE-269,easy
T1548_003_sudo_cp,A2_sudo,T1548.003,CWE-269,medium
T1548_003_sudo_cpan,A2_sudo,T1548.003,CWE-269,easy
T1548_003_sudo_cpio,A2_sudo,T1548.003,CWE-269,easy
T1548_003_sudo_cpulimit,A2_sudo,T1548.003,CWE-269,easy
T1548_003_sudo_csh,A2_sudo,T1548.003,CWE-269,easy
T1548_003_sudo_csvtool,A2_sudo,T1548.003,CWE-269,easy
T1548_003_sudo_curl,A2_sudo,T1548.003,CWE-269,medium
T1548_003_sudo_cut,A2_sudo,T1548.003,CWE-269,medium
T1548_003_sudo_dash,A2_sudo,T1548.003,CWE-269,easy
T1548_003_sudo_date,A2_sudo,T1548.003,CWE-269,medium
T1548_003_sudo_dc,A2_sudo,T1548.003,CWE-269,easy
T1548_003_sudo_dd,A2_sudo,T1548.003,CWE-269,medium
T1548_003_sudo_debugfs,A2_sudo,T1548.003,CWE-269,easy
T1548_003_sudo_dhclient,A2_sudo,T1548.003,CWE-269,easy
T1548_003_sudo_dig,A2_sudo,T1548.003,CWE-269,medium
T1548_003_sudo_distcc,A2_sudo,T1548.003,CWE-269,easy
T1548_003_sudo_doas,A2_sudo,T1548.003,CWE-269,easy
T1548_003_sudo_docker,A2_sudo,T1548.003,CWE-269,easy
T1548_003_sudo_dos2unix,A2_sudo,T1548.003,CWE-269,medium
T1548_003_sudo_dosbox,A2_sudo,T1548.003,CWE-269,medium
T1548_003_sudo_dpkg,A2_sudo,T1548.003,CWE-269,easy
T1548_003_sudo_dvips,A2_sudo,T1548.003,CWE-269,easy
T1548_003_sudo_easyrsa,A2_sudo,T1548.003,CWE-269,easy
T1548_003_sudo_eb,A2_sudo,T1548.003,CWE-269,easy
T1548_003_sudo_ed,A2_sudo,T1548.003,CWE-269,easy
T1548_003_sudo_egrep,A2_sudo,T1548.003,CWE-269,medium
T1548_003_sudo_elvish,A2_sudo,T1548.003,CWE-269,easy
T1548_003_sudo_emacs,A2_sudo,T1548.003,CWE-269,easy
T1548_003_sudo_enscript,A2_sudo,T1548.003,CWE-269,easy
T1548_003_sudo_env,A2_sudo,T1548.003,CWE-269,easy
T1548_003_sudo_eqn,A2_sudo,T1548.003,CWE-269,medium
T1548_003_sudo_ex,A2_sudo,T1548.003,CWE-269,easy
T1548_003_sudo_exiftool,A2_sudo,T1548.003,CWE-269,medium
T1548_003_sudo_expect,A2_sudo,T1548.003,CWE-269,easy
T1548_003_sudo_facter,A2_sudo,T1548.003,CWE-269,easy
T1548_003_sudo_fail2ban_client,A2_sudo,T1548.003,CWE-269,medium
T1548_003_sudo_ffmpeg,A2_sudo,T1548.003,CWE-269,easy
T1548_003_sudo_file,A2_sudo,T1548.003,CWE-269,medium
T1548_003_sudo_find,A2_sudo,T1548.003,CWE-269,easy
T1548_003_sudo_firejail,A2_sudo,T1548.003,CWE-269,easy
T1548_003_sudo_fish,A2_sudo,T1548.003,CWE-269,easy
T1548_003_sudo_flock,A2_sudo,T1548.003,CWE-269,easy
T1548_003_sudo_fmt,A2_sudo,T1548.003,CWE-269,medium
T1548_003_sudo_fold,A2_sudo,T1548.003,CWE-269,medium
T1548_003_sudo_ftp,A2_sudo,T1548.003,CWE-269,easy
T1548_003_sudo_gawk,A2_sudo,T1548.003,CWE-269,easy
T1548_003_sudo_gcc,A2_sudo,T1548.003,CWE-269,easy
T1548_003_sudo_gcloud,A2_sudo,T1548.003,CWE-269,easy
T1548_003_sudo_gdb,A2_sudo,T1548.003,CWE-269,easy
T1548_003_sudo_gem,A2_sudo,T1548.003,CWE-269,easy
T1548_003_sudo_genie,A2_sudo,T1548.003,CWE-269,easy
T1548_003_sudo_getent,A2_sudo,T1548.003,CWE-269,easy
T1548_003_sudo_ghc,A2_sudo,T1548.003,CWE-269,easy
T1548_003_sudo_ghci,A2_sudo,T1548.003,CWE-269,easy
T1548_003_sudo_gimp,A2_sudo,T1548.003,CWE-269,easy
T1548_003_sudo_ginsh,A2_sudo,T1548.003,CWE-269,easy
T1548_003_sudo_gnuplot,A2_sudo,T1548.003,CWE-269,easy
T1548_003_sudo_go,A2_sudo,T1548.003,CWE-269,easy
T1548_003_sudo_grc,A2_sudo,T1548.003,CWE-269,easy
T1548_003_sudo_gtester,A2_sudo,T1548.003,CWE-269,easy
T1548_003_sudo_guile,A2_sudo,T1548.003,CWE-269,easy
T1548_003_sudo_gzip,A2_sudo,T1548.003,CWE-269,medium
T1548_003_sudo_hexdump,A2_sudo,T1548.003,CWE-269,medium
T1548_003_sudo_hg,A2_sudo,T1548.003,CWE-269,easy
T1548_003_sudo_highlight,A2_sudo,T1548.003,CWE-269,medium
T1548_003_sudo_iconv,A2_sudo,T1548.003,CWE-269,medium
T1548_003_sudo_install,A2_sudo,T1548.003,CWE-269,easy
T1548_003_sudo_ionice,A2_sudo,T1548.003,CWE-269,easy
T1548_003_sudo_irb,A2_sudo,T1548.003,CWE-269,easy
T1548_003_sudo_join,A2_sudo,T1548.003,CWE-269,medium
T1548_003_sudo_jshell,A2_sudo,T1548.003,CWE-269,easy
T1548_003_sudo_ksu,A2_sudo,T1548.003,CWE-269,easy
T1548_003_sudo_kubectl,A2_sudo,T1548.003,CWE-269,easy
T1548_003_sudo_last,A2_sudo,T1548.003,CWE-269,medium
T1548_003_sudo_latex,A2_sudo,T1548.003,CWE-269,easy
T1548_003_sudo_latexmk,A2_sudo,T1548.003,CWE-269,easy
T1548_003_sudo_lftp,A2_sudo,T1548.003,CWE-269,easy
T1548_003_sudo_lp,A2_sudo,T1548.003,CWE-269,easy
T1548_003_sudo_lua,A2_sudo,T1548.003,CWE-269,easy
T1548_003_sudo_luatex,A2_sudo,T1548.003,CWE-269,easy
T1548_003_sudo_lwp_download,A2_sudo,T1548.003,CWE-269,medium
T1548_003_sudo_lwp_request,A2_sudo,T1548.003,CWE-269,medium
T1548_003_sudo_m4,A2_sudo,T1548.003,CWE-269,easy
T1548_003_sudo_mail,A2_sudo,T1548.003,CWE-269,easy
T1548_003_sudo_make,A2_sudo,T1548.003,CWE-269,easy
T1548_003_sudo_mawk,A2_sudo,T1548.003,CWE-269,easy
T1548_003_sudo_minicom,A2_sudo,T1548.003,CWE-269,easy
T1548_003_sudo_msgfilter,A2_sudo,T1548.003,CWE-269,easy
T1548_003_sudo_multitime,A2_sudo,T1548.003,CWE-269,easy
T1548_003_sudo_mv,A2_sudo,T1548.003,CWE-269,medium
T1548_003_sudo_mypy,A2_sudo,T1548.003,CWE-269,medium
T1548_003_sudo_mysql,A2_sudo,T1548.003,CWE-269,easy
T1548_003_sudo_nc,A2_sudo,T1548.003,CWE-269,easy
T1548_003_sudo_ncdu,A2_sudo,T1548.003,CWE-269,easy
T1548_003_sudo_ncftp,A2_sudo,T1548.003,CWE-269,easy
T1548_003_sudo_neofetch,A2_sudo,T1548.003,CWE-269,easy
T1548_003_sudo_nginx,A2_sudo,T1548.003,CWE-269,easy
T1548_003_sudo_nice,A2_sudo,T1548.003,CWE-269,easy
T1548_003_sudo_nl,A2_sudo,T1548.003,CWE-269,medium
T1548_003_sudo_nm,A2_sudo,T1548.003,CWE-269,medium
T1548_003_sudo_nmap,A2_sudo,T1548.003,CWE-269,easy
T1548_003_sudo_node,A2_sudo,T1548.003,CWE-269,easy
T1548_003_sudo_nohup,A2_sudo,T1548.003,CWE-269,easy
T1548_003_sudo_npm,A2_sudo,T1548.003,CWE-269,easy
T1548_003_sudo_nroff,A2_sudo,T1548.003,CWE-269,easy
T1548_003_sudo_nsenter,A2_sudo,T1548.003,CWE-269,easy
T1548_003_sudo_octave,A2_sudo,T1548.003,CWE-269,easy
T1548_003_sudo_openssl,A2_sudo,T1548.003,CWE-269,medium
T1548_003_sudo_openvpn,A2_sudo,T1548.003,CWE-269,easy
T1548_003_sudo_pandoc,A2_sudo,T1548.003,CWE-269,medium
T1548_003_sudo_passwd,A2_sudo,T1548.003,CWE-269,easy
T1548_003_sudo_paste,A2_sudo,T1548.003,CWE-269,medium
T1548_003_sudo_pdb,A2_sudo,T1548.003,CWE-269,easy
T1548_003_sudo_pdflatex,A2_sudo,T1548.003,CWE-269,easy
T1548_003_sudo_pdftex,A2_sudo,T1548.003,CWE-269,easy
T1548_003_sudo_perf,A2_sudo,T1548.003,CWE-269,easy
T1548_003_sudo_perl,A2_sudo,T1548.003,CWE-269,easy
T1548_003_sudo_pexec,A2_sudo,T1548.003,CWE-269,easy
T1548_003_sudo_php,A2_sudo,T1548.003,CWE-269,easy
T1548_003_sudo_pic,A2_sudo,T1548.003,CWE-269,easy
T1548_003_sudo_pidstat,A2_sudo,T1548.003,CWE-269,easy
T1548_003_sudo_pip,A2_sudo,T1548.003,CWE-269,easy
T1548_003_sudo_pipx,A2_sudo,T1548.003,CWE-269,easy
T1548_003_sudo_plymouth,A2_sudo,T1548.003,CWE-269,easy
T1548_003_sudo_podman,A2_sudo,T1548.003,CWE-269,easy
T1548_003_sudo_poetry,A2_sudo,T1548.003,CWE-269,easy
T1548_003_sudo_posh,A2_sudo,T1548.003,CWE-269,easy
T1548_003_sudo_pr,A2_sudo,T1548.003,CWE-269,medium
T1548_003_sudo_pry,A2_sudo,T1548.003,CWE-269,easy
T1548_003_sudo_psftp,A2_sudo,T1548.003,CWE-269,easy
T1548_003_sudo_ptx,A2_sudo,T1548.003,CWE-269,medium
T1548_003_sudo_puppet,A2_sudo,T1548.003,CWE-269,easy
T1548_003_sudo_pygmentize,A2_sudo,T1548.003,CWE-269,medium
T1548_003_sudo_pyright,A2_sudo,T1548.003,CWE-269,medium
T1548_003_sudo_python,A2_sudo,T1548.003,CWE-269,easy
T1548_003_sudo_r,A2_sudo,T1548.003,CWE-269,easy
T1548_003_sudo_rake,A2_sudo,T1548.003,CWE-269,medium
T1548_003_sudo_ranger,A2_sudo,T1548.003,CWE-269,easy
T1548_003_sudo_rc,A2_sudo,T1548.003,CWE-269,easy
T1548_003_sudo_restic,A2_sudo,T1548.003,CWE-269,easy
T1548_003_sudo_rev,A2_sudo,T1548.003,CWE-269,medium
T1548_003_sudo_rlwrap,A2_sudo,T1548.003,CWE-269,easy
T1548_003_sudo_rpm,A2_sudo,T1548.003,CWE-269,easy
T1548_003_sudo_rpmdb,A2_sudo,T1548.003,CWE-269,easy
T1548_003_sudo_rpmquery,A2_sudo,T1548.003,CWE-269,easy
T1548_003_sudo_rpmverify,A2_sudo,T1548.003,CWE-269,easy
T1548_003_sudo_rsync,A2_sudo,T1548.003,CWE-269,easy
T1548_003_sudo_rsyslogd,A2_sudo,T1548.003,CWE-269,medium
T1548_003_sudo_ruby,A2_sudo,T1548.003,CWE-269,easy
T1548_003_sudo_run_mailcap,A2_sudo,T1548.003,CWE-269,easy
T1548_003_sudo_run_parts,A2_sudo,T1548.003,CWE-269,easy
T1548_003_sudo_runscript,A2_sudo,T1548.003,CWE-269,easy
T1548_003_sudo_rustc,A2_sudo,T1548.003,CWE-269,medium
T1548_003_sudo_rustup,A2_sudo,T1548.003,CWE-269,easy
T1548_003_sudo_sash,A2_sudo,T1548.003,CWE-269,easy
T1548_003_sudo_scanmem,A2_sudo,T1548.003,CWE-269,easy
T1548_003_sudo_scp,A2_sudo,T1548.003,CWE-269,easy
T1548_003_sudo_screen,A2_sudo,T1548.003,CWE-269,easy
T1548_003_sudo_script,A2_sudo,T1548.003,CWE-269,easy
T1548_003_sudo_scrot,A2_sudo,T1548.003,CWE-269,easy
T1548_003_sudo_sed,A2_sudo,T1548.003,CWE-269,easy
T1548_003_sudo_service,A2_sudo,T1548.003,CWE-269,easy
T1548_003_sudo_setarch,A2_sudo,T1548.003,CWE-269,easy
T1548_003_sudo_setcap,A2_sudo,T1548.003,CWE-269,easy
T1548_003_sudo_setfacl,A2_sudo,T1548.003,CWE-269,easy
T1548_003_sudo_setlock,A2_sudo,T1548.003,CWE-269,easy
T1548_003_sudo_sg,A2_sudo,T1548.003,CWE-269,easy
T1548_003_sudo_shuf,A2_sudo,T1548.003,CWE-269,medium
T1548_003_sudo_slsh,A2_sudo,T1548.003,CWE-269,easy
T1548_003_sudo_socat,A2_sudo,T1548.003,CWE-269,easy
T1548_003_sudo_softlimit,A2_sudo,T1548.003,CWE-269,easy
T1548_003_sudo_sort,A2_sudo,T1548.003,CWE-269,medium
T1548_003_sudo_split,A2_sudo,T1548.003,CWE-269,easy
T1548_003_sudo_sqlite3,A2_sudo,T1548.003,CWE-269,easy
T1548_003_sudo_sqlmap,A2_sudo,T1548.003,CWE-269,easy
T1548_003_sudo_ssh,A2_sudo,T1548.003,CWE-269,easy
T1548_003_sudo_ssh_agent,A2_sudo,T1548.003,CWE-269,easy
T1548_003_sudo_ssh_keygen,A2_sudo,T1548.003,CWE-269,easy
T1548_003_sudo_sshpass,A2_sudo,T1548.003,CWE-269,easy
T1548_003_sudo_sshuttle,A2_sudo,T1548.003,CWE-269,easy
T1548_003_sudo_start_stop_daemon,A2_sudo,T1548.003,CWE-269,easy
T1548_003_sudo_stdbuf,A2_sudo,T1548.003,CWE-269,easy
T1548_003_sudo_strace,A2_sudo,T1548.003,CWE-269,easy
T1548_003_sudo_su,A2_sudo,T1548.003,CWE-269,easy
T1548_003_sudo_sudo,A2_sudo,T1548.003,CWE-269,easy
T1548_003_sudo_tail,A2_sudo,T1548.003,CWE-269,medium
T1548_003_sudo_tailscale,A2_sudo,T1548.003,CWE-269,easy
T1548_003_sudo_tar,A2_sudo,T1548.003,CWE-269,easy
T1548_003_sudo_task,A2_sudo,T1548.003,CWE-269,easy
T1548_003_sudo_taskset,A2_sudo,T1548.003,CWE-269,easy
T1548_003_sudo_tasksh,A2_sudo,T1548.003,CWE-269,easy
T1548_003_sudo_tbl,A2_sudo,T1548.003,CWE-269,medium
T1548_003_sudo_tclsh,A2_sudo,T1548.003,CWE-269,easy
T1548_003_sudo_tcsh,A2_sudo,T1548.003,CWE-269,easy
T1548_003_sudo_tdbtool,A2_sudo,T1548.003,CWE-269,easy
T1548_003_sudo_tee,A2_sudo,T1548.003,CWE-269,medium
T1548_003_sudo_telnet,A2_sudo,T1548.003,CWE-269,easy
T1548_003_sudo_terraform,A2_sudo,T1548.003,CWE-269,medium
T1548_003_sudo_tex,A2_sudo,T1548.003,CWE-269,easy
T1548_003_sudo_tic,A2_sudo,T1548.003,CWE-269,medium
T1548_003_sudo_time,A2_sudo,T1548.003,CWE-269,easy
T1548_003_sudo_timeout,A2_sudo,T1548.003,CWE-269,easy
T1548_003_sudo_tmate,A2_sudo,T1548.003,CWE-269,easy
T1548_003_sudo_tmux,A2_sudo,T1548.003,CWE-269,easy
T1548_003_sudo_torify,A2_sudo,T1548.003,CWE-269,easy
T1548_003_sudo_torsocks,A2_sudo,T1548.003,CWE-269,easy
T1548_003_sudo_troff,A2_sudo,T1548.003,CWE-269,medium
T1548_003_sudo_tshark,A2_sudo,T1548.003,CWE-269,easy
T1548_003_sudo_unexpand,A2_sudo,T1548.003,CWE-269,medium
T1548_003_sudo_uniq,A2_sudo,T1548.003,CWE-269,medium
T1548_003_sudo_unshare,A2_sudo,T1548.003,CWE-269,easy
T1548_003_sudo_unsquashfs,A2_sudo,T1548.003,CWE-269,easy
T1548_003_sudo_unzip,A2_sudo,T1548.003,CWE-269,easy
T1548_003_sudo_uv,A2_sudo,T1548.003,CWE-269,easy
T1548_003_sudo_valgrind,A2_sudo,T1548.003,CWE-269,easy
T1548_003_sudo_vi,A2_sudo,T1548.003,CWE-269,easy
T1548_003_sudo_vim,A2_sudo,T1548.003,CWE-269,medium
T1548_003_sudo_wall,A2_sudo,T1548.003,CWE-269,medium
T1548_003_sudo_watch,A2_sudo,T1548.003,CWE-269,easy
T1548_003_sudo_wc,A2_sudo,T1548.003,CWE-269,medium
T1548_003_sudo_wg_quick,A2_sudo,T1548.003,CWE-269,easy
T1548_003_sudo_wget,A2_sudo,T1548.003,CWE-269,easy
T1548_003_sudo_wireshark,A2_sudo,T1548.003,CWE-269,medium
T1548_003_sudo_wish,A2_sudo,T1548.003,CWE-269,easy
T1548_003_sudo_xargs,A2_sudo,T1548.003,CWE-269,easy
T1548_003_sudo_xdg_user_dir,A2_sudo,T1548.003,CWE-269,easy
T1548_003_sudo_xdotool,A2_sudo,T1548.003,CWE-269,easy
T1548_003_sudo_xpad,A2_sudo,T1548.003,CWE-269,medium
T1548_003_sudo_xxd,A2_sudo,T1548.003,CWE-269,medium
T1548_003_sudo_yarn,A2_sudo,T1548.003,CWE-269,easy
T1548_003_sudo_yash,A2_sudo,T1548.003,CWE-269,easy
T1548_003_sudo_yelp,A2_sudo,T1548.003,CWE-269,medium
T1548_003_sudo_zathura,A2_sudo,T1548.003,CWE-269,easy
T1548_003_sudo_zcat,A2_sudo,T1548.003,CWE-269,medium
T1548_003_sudo_zip,A2_sudo,T1548.003,CWE-269,easy
T1548_003_sudo_zless,A2_sudo,T1548.003,CWE-269,easy
T1548_003_sudo_zsh,A2_sudo,T1548.003,CWE-269,easy
edb_152,A1_suid_sgid,T1548.001,CWE-250,medium
edb_15620,A1_suid_sgid,T1548.001,CWE-250,medium
edb_178,A1_suid_sgid,T1548.001,CWE-250,medium
edb_19125,A1_suid_sgid,T1548.001,CWE-250,medium
edb_19565,A1_suid_sgid,T1548.001,CWE-250,medium
edb_19794,D1_credential,T1552.001,CWE-256,easy
edb_20141,A1_suid_sgid,T1548.001,CWE-250,medium
edb_20142,A1_suid_sgid,T1548.001,CWE-250,medium
edb_209,A1_suid_sgid,T1548.001,CWE-250,medium
edb_20901,A2_sudo,T1548.003,CWE-269,medium
edb_21227,A2_sudo,T1548.003,CWE-269,medium
edb_23126,D1_credential,T1552.001,CWE-256,easy
edb_23251,C1_cron,T1053.003,CWE-732,medium
edb_24458,C1_cron,T1053.003,CWE-732,medium
edb_319,A2_sudo,T1548.003,CWE-269,medium
edb_325,A1_suid_sgid,T1548.001,CWE-250,medium
edb_3356,C1_cron,T1053.003,CWE-732,medium
edb_33623,A2_sudo,T1548.003,CWE-269,medium
edb_33899,C1_cron,T1053.003,CWE-732,medium
edb_35748,C1_cron,T1053.003,CWE-732,medium
edb_36257,C1_cron,T1053.003,CWE-732,medium
edb_39967,C1_cron,T1053.003,CWE-732,medium
edb_41022,A1_suid_sgid,T1548.001,CWE-250,medium
edb_42305,C1_cron,T1053.003,CWE-732,medium
edb_46989,A3_capabilities,T1068,CWE-266,medium
edb_47345,A2_sudo,T1548.003,CWE-269,medium
edb_47726,A1_suid_sgid,T1548.001,CWE-250,medium
edb_591,A1_suid_sgid,T1548.001,CWE-250,medium
edb_791,A1_suid_sgid,T1548.001,CWE-250,medium
edb_792,A1_suid_sgid,T1548.001,CWE-250,medium
expert_db_credential_reuse,D3_database,T1078.003,CWE-269,easy
expert_dbus_loose_policy,A5_dbus,T1068,CWE-269,medium
expert_ld_preload_sudo,B1_ld_preload,T1574.006,CWE-427,medium
expert_path_hijack_sudo,B2_path_hijack,T1574.007,CWE-426,medium
expert_polkit_loose_rule,A4_polkit,T1548,CWE-269,medium
expert_systemd_writable_service,C2_systemd,T1543.002,CWE-732,medium
legacy_cron_wildcard,A4_scheduled,T1053.003,CWE-78,hard
legacy_cron_writable,A4_scheduled,T1053.003,CWE-732,medium
legacy_docker_group,A6_container,T1611,CWE-269,medium
legacy_password_file,A5_credentials,T1552.001,CWE-312,easy
legacy_password_history,A5_credentials,T1552.003,CWE-312,easy
legacy_password_mysql,A5_credentials,T1552.001,CWE-312,medium
legacy_password_reuse,A5_credentials,T1552.001,CWE-521,easy
legacy_password_weak,A5_credentials,T1552.001,CWE-521,easy
legacy_ssh_key,A5_credentials,T1098.004,CWE-522,medium
legacy_sudo_all,A2_sudo,T1548.003,CWE-269,easy
legacy_sudo_interactive,A2_sudo,T1548.003,CWE-269,medium
legacy_sudo_tar,A2_sudo,T1548.003,CWE-269,medium
legacy_suid_gtfo,A1_suid_sgid,T1548.001,CWE-250,easy
